{
  "sections": {
    "banner": {
      "type": "main-collection-banner",
      "settings": {
        "show_collection_description": true,
        "show_collection_image": false,
        "color_scheme": "secondary"
      }
    },
    "product-grid": {
      "type": "main-collection-product-grid",
      "settings": {
        "products_per_page": 24,
        "columns_desktop": 3,
        "image_ratio": "portrait",
        "show_secondary_image": true,
        "show_vendor": false,
        "show_rating": false,
        "enable_quick_add": false,
        "enable_filtering": true,
        "filter_type": "vertical",
        "enable_sorting": false,
        "columns_mobile": "1",
        "padding_top": 60,
        "padding_bottom": 80
      }
    }
  },
  "order": ["banner", "product-grid"]
}
