{
  "sections": {
    "e8eeb285-6ac9-4281-ac3d-7c9945b74bca": {
      "type": "collage",
      "blocks": {
        "91bd7dda-023a-41b5-a9b4-c4113d8f3e8e": {
          "type": "image",
          "settings": {
            "image": "shopify:\/\/shop_images\/dye-close-up-example.jpg",
            "image_padding": false
          }
        }
      },
      "block_order": [
        "91bd7dda-023a-41b5-a9b4-c4113d8f3e8e"
      ],
      "settings": {
        "heading": "",
        "heading_size": "xl",
        "desktop_layout": "left",
        "mobile_layout": "collage",
        "card_styles": "product-card-wrapper",
        "color_scheme": "primary",
        "padding_top": 36,
        "padding_bottom": 36
      }
    },
    "rich-text": {
      "type": "rich-text",
      "blocks": {
        "heading": {
          "type": "heading",
          "settings": {
            "heading": "<p>short word header<\/p>",
            "heading_size": "jumbo"
          }
        },
        "text": {
          "type": "text",
          "settings": {
            "text": "<p>The headline has to use short words because the font is quite big on mobile, and we don't want the text to wrap all weird on narrow screens like an iphone<\/p>"
          }
        }
      },
      "block_order": [
        "heading",
        "text"
      ],
      "settings": {
        "desktop_content_position": "center",
        "content_alignment": "center",
        "color_scheme": "secondary",
        "full_width": true,
        "padding_top": 40,
        "padding_bottom": 40
      }
    },
    "collections": {
      "type": "main-list-collections",
      "settings": {
        "title": "Shop by category",
        "sort": "alphabetical",
        "image_ratio": "square",
        "columns_desktop": 4,
        "columns_mobile": "2",
        "color_scheme": "quarternary"
      }
    }
  },
  "order": [
    "e8eeb285-6ac9-4281-ac3d-7c9945b74bca",
    "rich-text",
    "collections"
  ]
}