{
  "sections": {
    "main": {
      "type": "main-page",
      "settings": { "padding_top": 52, "padding_bottom": 32 }
    },
    "rich-text": {
      "type": "rich-text",
      "blocks": {
        "heading": {
          "type": "heading",
          "settings": {
            "heading": "<p>Share a key point about your brand</p>",
            "heading_size": "jumbo"
          }
        }
      },
      "block_order": ["heading"],
      "settings": {
        "desktop_content_position": "center",
        "content_alignment": "center",
        "color_scheme": "secondary",
        "full_width": false,
        "padding_top": 76,
        "padding_bottom": 24
      }
    }
  },
  "order": [
    "main",
    "rich-text"
  ]
}
