{
  "layout": "password",
  "sections": {
    "rich-text": {
      "type": "rich-text",
      "blocks": {
        "heading": {
          "type": "heading",
          "settings": {
            "heading": "<p>Launching soon</p>",
            "heading_size": "jumbo"
          }
        }
      },
      "block_order": ["heading"],
      "settings": {
        "desktop_content_position": "center",
        "content_alignment": "center",
        "color_scheme": "primary",
        "full_width": true,
        "padding_top": 40,
        "padding_bottom": 0
      }
    }
  },
  "order": ["rich-text"]
}
