{
  "sections": {
    "main": {
      "type": "main-product",
      "blocks": {
        "vendor": {
          "type": "text",
          "disabled": true,
          "settings": {
            "text": "",
            "text_style": "body"
          }
        },
        "title": {
          "type": "title",
          "settings": {
          }
        },
        "price": {
          "type": "price",
          "settings": {
          }
        },
        "description": {
          "type": "description",
          "settings": {
          }
        },
        "product-rating": {
          "type": "rating",
          "disabled": true,
          "settings": {
          }
        },
        "variant_picker": {
          "type": "variant_picker",
          "settings": {
            "picker_type": "dropdown"
          }
        },
        "quantity_selector": {
          "type": "quantity_selector",
          "disabled": true,
          "settings": {
          }
        },
        "buy_buttons": {
          "type": "buy_buttons",
          "settings": {
            "show_dynamic_checkout": true
          }
        }
      },
      "block_order": [
        "vendor",
        "title",
        "price",
        "description",
        "product-rating",
        "variant_picker",
        "quantity_selector",
        "buy_buttons"
      ],
      "settings": {
        "enable_sticky_info": true,
        "media_position": "left",
        "gallery_layout": "stacked",
        "media_size": "large",
        "mobile_thumbnails": "show",
        "hide_variants": true,
        "enable_video_looping": false,
        "padding_top": 36,
        "padding_bottom": 36
      }
    }
  },
  "order": [
    "main"
  ]
}