{
  "current": {
    "colors_primary_foreground": "#000000",
    "colors_primary_background": "#ffffff",
    "colors_secondary_foreground": "#5E3E23",
    "colors_secondary_background": "#FCE3EA",
    "colors_tertiary_foreground": "#ffffff",
    "colors_tertiary_background": "#CF640C",
    "type_desktop_base_font_size": 24,
    "type_mobile_base_font_size": 19,
    "type_font_scale": 125,
    "type_header_font": "sans-serif",
    "type_body_font": "archivo_n4",
    "page_width": 1000,
    "spacing_sections": 0,
    "spacing_grid_horizontal": 16,
    "spacing_grid_vertical": 16,
    "buttons_border_thickness": 1,
    "buttons_border_opacity": 100,
    "buttons_radius": 0,
    "buttons_shadow_opacity": 0,
    "buttons_shadow_horizontal_offset": 0,
    "buttons_shadow_vertical_offset": 4,
    "buttons_shadow_blur": 5,
    "variant_pills_border_thickness": 1,
    "variant_pills_border_opacity": 100,
    "variant_pills_radius": 0,
    "variant_pills_shadow_opacity": 0,
    "variant_pills_shadow_horizontal_offset": 0,
    "variant_pills_shadow_vertical_offset": 4,
    "variant_pills_shadow_blur": 5,
    "inputs_border_thickness": 1,
    "inputs_border_opacity": 100,
    "inputs_radius": 0,
    "inputs_shadow_opacity": 0,
    "inputs_shadow_horizontal_offset": 0,
    "inputs_shadow_vertical_offset": 4,
    "inputs_shadow_blur": 5,
    "card_style": "standard",
    "card_image_padding": 0,
    "card_text_alignment": "left",
    "card_color_scheme": "primary",
    "card_border_thickness": 0,
    "card_border_opacity": 10,
    "card_corner_radius": 0,
    "card_shadow_opacity": 0,
    "card_shadow_horizontal_offset": 0,
    "card_shadow_vertical_offset": 4,
    "card_shadow_blur": 5,
    "collection_card_style": "standard",
    "collection_card_image_padding": 0,
    "collection_card_text_alignment": "left",
    "collection_card_color_scheme": "primary",
    "collection_card_border_thickness": 0,
    "collection_card_border_opacity": 10,
    "collection_card_corner_radius": 0,
    "collection_card_shadow_opacity": 0,
    "collection_card_shadow_horizontal_offset": 0,
    "collection_card_shadow_vertical_offset": 4,
    "collection_card_shadow_blur": 5,
    "blog_card_style": "standard",
    "blog_card_image_padding": 0,
    "blog_card_text_alignment": "left",
    "blog_card_color_scheme": "tertiary",
    "blog_card_border_thickness": 0,
    "blog_card_border_opacity": 10,
    "blog_card_corner_radius": 0,
    "blog_card_shadow_opacity": 0,
    "blog_card_shadow_horizontal_offset": 0,
    "blog_card_shadow_vertical_offset": 4,
    "blog_card_shadow_blur": 5,
    "text_boxes_border_thickness": 0,
    "text_boxes_border_opacity": 10,
    "text_boxes_radius": 0,
    "text_boxes_shadow_opacity": 0,
    "text_boxes_shadow_horizontal_offset": 0,
    "text_boxes_shadow_vertical_offset": 4,
    "text_boxes_shadow_blur": 5,
    "media_border_thickness": 0,
    "media_border_opacity": 10,
    "media_radius": 0,
    "media_shadow_opacity": 0,
    "media_shadow_horizontal_offset": 0,
    "media_shadow_vertical_offset": 4,
    "media_shadow_blur": 5,
    "popup_border_thickness": 1,
    "popup_border_opacity": 10,
    "popup_corner_radius": 16,
    "popup_shadow_opacity": 0,
    "popup_shadow_horizontal_offset": 0,
    "popup_shadow_vertical_offset": 4,
    "popup_shadow_blur": 5,
    "drawer_border_thickness": 1,
    "drawer_border_opacity": 10,
    "drawer_shadow_opacity": 0,
    "drawer_shadow_horizontal_offset": 0,
    "drawer_shadow_vertical_offset": 4,
    "drawer_shadow_blur": 5,
    "badge_position": "bottom left",
    "badge_corner_radius": 16,
    "sale_badge_color_scheme": "tertiary",
    "sold_out_badge_color_scheme": "tertiary",
    "accent_icons": "text",
    "social_twitter_link": "",
    "social_facebook_link": "",
    "social_pinterest_link": "",
    "social_instagram_link": "",
    "social_tiktok_link": "",
    "social_tumblr_link": "",
    "social_snapchat_link": "",
    "social_youtube_link": "",
    "social_vimeo_link": "",
    "predictive_search_enabled": true,
    "predictive_search_show_vendor": false,
    "predictive_search_show_price": false,
    "currency_code_enabled": true,
    "cart_type": "notification",
    "show_vendor": false,
    "show_cart_note": false,
    "colors_quaternary_foreground": "#2E4F8F",
    "colors_quaternary_background": "#A1C0FD",
    "sections": {
      "announcement-bar": {
        "type": "announcement-bar",
        "blocks": {
          "announcement-bar-0": {
            "type": "announcement",
            "settings": {
              "text": "Banner announcements can be placed here",
              "text_alignment": "center",
              "color_scheme": "tertiary",
              "link": ""
            }
          }
        },
        "block_order": [
          "announcement-bar-0"
        ],
        "settings": {
        }
      },
      "header": {
        "type": "header",
        "settings": {
          "color_scheme": "primary",
          "logo": "shopify:\/\/shop_images\/logo_2x_d33a323b-054a-4f17-a5aa-526445b3bd96.png",
          "logo_width": 290,
          "logo_position": "top-center",
          "menu": "main-menu",
          "menu_type_desktop": "mega",
          "show_line_separator": false,
          "enable_sticky_header": false,
          "mobile_logo_position": "center",
          "margin_bottom": 0,
          "padding_top": 20,
          "padding_bottom": 24
        }
      },
      "footer": {
        "type": "footer",
        "settings": {
          "color_scheme": "tertiary",
          "newsletter_enable": false,
          "newsletter_heading": "",
          "show_social": false,
          "enable_country_selector": true,
          "enable_language_selector": true,
          "payment_enable": true,
          "margin_top": 0,
          "padding_top": 0,
          "padding_bottom": 76
        }
      },
      "main-password-header": {
        "type": "main-password-header",
        "settings": {
          "logo": "{{ shop.brand.logo }}",
          "logo_max_width": 100,
          "color_scheme": "primary"
        }
      },
      "main-password-footer": {
        "type": "main-password-footer",
        "settings": {
          "color_scheme": "primary"
        }
      }
    },
    "content_for_index": [

    ]
  },
  "presets": {
    "Default": {
      "colors_primary_foreground": "#000000",
      "colors_primary_background": "#ffffff",
      "colors_secondary_foreground": "#5E3E23",
      "colors_secondary_background": "#FCE3EA",
      "colors_tertiary_foreground": "#ffffff",
      "colors_tertiary_background": "#CF640C",
      "colors_quaternary_foreground": "#2E4F8F",
      "colors_quaternary_background": "#A1C0FD",
      "type_desktop_base_font_size": 24,
      "type_mobile_base_font_size": 19,
      "type_font_scale": 125,
      "type_header_font": "futura_n5",
      "type_body_font": "futura_n5",
      "page_width": 1000,
      "spacing_sections": 0,
      "spacing_grid_horizontal": 16,
      "spacing_grid_vertical": 16,
      "buttons_border_thickness": 1,
      "buttons_border_opacity": 100,
      "buttons_radius": 0,
      "buttons_shadow_opacity": 0,
      "buttons_shadow_horizontal_offset": 0,
      "buttons_shadow_vertical_offset": 4,
      "buttons_shadow_blur": 5,
      "variant_pills_border_thickness": 1,
      "variant_pills_border_opacity": 100,
      "variant_pills_radius": 0,
      "variant_pills_shadow_opacity": 0,
      "variant_pills_shadow_horizontal_offset": 0,
      "variant_pills_shadow_vertical_offset": 4,
      "variant_pills_shadow_blur": 5,
      "inputs_border_thickness": 1,
      "inputs_border_opacity": 100,
      "inputs_radius": 0,
      "inputs_shadow_opacity": 0,
      "inputs_shadow_horizontal_offset": 0,
      "inputs_shadow_vertical_offset": 4,
      "inputs_shadow_blur": 5,
      "card_style": "standard",
      "card_image_padding": 0,
      "card_text_alignment": "left",
      "card_color_scheme": "tertiary",
      "card_border_thickness": 0,
      "card_border_opacity": 10,
      "card_corner_radius": 0,
      "card_shadow_opacity": 0,
      "card_shadow_horizontal_offset": 0,
      "card_shadow_vertical_offset": 4,
      "card_shadow_blur": 5,
      "collection_card_style": "standard",
      "collection_card_image_padding": 0,
      "collection_card_text_alignment": "left",
      "collection_card_color_scheme": "tertiary",
      "collection_card_border_thickness": 0,
      "collection_card_border_opacity": 10,
      "collection_card_corner_radius": 0,
      "collection_card_shadow_opacity": 0,
      "collection_card_shadow_horizontal_offset": 0,
      "collection_card_shadow_vertical_offset": 4,
      "collection_card_shadow_blur": 5,
      "blog_card_style": "standard",
      "blog_card_image_padding": 0,
      "blog_card_text_alignment": "left",
      "blog_card_color_scheme": "tertiary",
      "blog_card_border_thickness": 0,
      "blog_card_border_opacity": 10,
      "blog_card_corner_radius": 0,
      "blog_card_shadow_opacity": 0,
      "blog_card_shadow_horizontal_offset": 0,
      "blog_card_shadow_vertical_offset": 4,
      "blog_card_shadow_blur": 5,
      "text_boxes_border_thickness": 0,
      "text_boxes_border_opacity": 10,
      "text_boxes_radius": 0,
      "text_boxes_shadow_opacity": 0,
      "text_boxes_shadow_horizontal_offset": 0,
      "text_boxes_shadow_vertical_offset": 4,
      "text_boxes_shadow_blur": 5,
      "media_border_thickness": 0,
      "media_border_opacity": 10,
      "media_radius": 0,
      "media_shadow_opacity": 0,
      "media_shadow_horizontal_offset": 0,
      "media_shadow_vertical_offset": 4,
      "media_shadow_blur": 5,
      "popup_border_thickness": 1,
      "popup_border_opacity": 10,
      "popup_corner_radius": 16,
      "popup_shadow_opacity": 0,
      "popup_shadow_horizontal_offset": 0,
      "popup_shadow_vertical_offset": 4,
      "popup_shadow_blur": 5,
      "drawer_border_thickness": 1,
      "drawer_border_opacity": 10,
      "drawer_shadow_opacity": 0,
      "drawer_shadow_horizontal_offset": 0,
      "drawer_shadow_vertical_offset": 4,
      "drawer_shadow_blur": 5,
      "badge_position": "bottom left",
      "badge_corner_radius": 16,
      "sale_badge_color_scheme": "tertiary",
      "sold_out_badge_color_scheme": "tertiary",
      "accent_icons": "text",
      "social_twitter_link": "",
      "social_facebook_link": "",
      "social_pinterest_link": "",
      "social_instagram_link": "",
      "social_tiktok_link": "",
      "social_tumblr_link": "",
      "social_snapchat_link": "",
      "social_youtube_link": "",
      "social_vimeo_link": "",
      "predictive_search_enabled": true,
      "predictive_search_show_vendor": false,
      "predictive_search_show_price": false,
      "currency_code_enabled": true,
      "cart_type": "notification",
      "show_vendor": false,
      "show_cart_note": false,
      "sections": {
        "announcement-bar": {
          "type": "announcement-bar",
          "blocks": {
            "announcement-bar-0": {
              "type": "announcement",
              "settings": {
                "text": "Welcome to our store",
                "text_alignment": "center",
                "color_scheme": "tertiary",
                "link": ""
              }
            }
          },
          "block_order": [
            "announcement-bar-0"
          ],
          "settings": {
          }
        },
        "header": {
          "type": "header",
          "settings": {
            "color_scheme": "primary",
            "logo": "{{ shop.brand.logo }}",
            "logo_width": 80,
            "logo_position": "top-center",
            "menu": "main-menu",
            "menu_type_desktop": "mega",
            "show_line_separator": false,
            "enable_sticky_header": false,
            "mobile_logo_position": "center",
            "margin_bottom": 0,
            "padding_top": 20,
            "padding_bottom": 20
          }
        },
        "footer": {
          "type": "footer",
          "settings": {
            "color_scheme": "tertiary",
            "newsletter_enable": false,
            "newsletter_heading": "",
            "show_social": true,
            "enable_country_selector": true,
            "enable_language_selector": true,
            "payment_enable": true,
            "margin_top": 0,
            "padding_top": 0,
            "padding_bottom": 76
          }
        },
        "main-password-header": {
          "type": "main-password-header",
          "settings": {
            "logo": "{{ shop.brand.logo }}",
            "logo_max_width": 100,
            "color_scheme": "primary"
          }
        },
        "main-password-footer": {
          "type": "main-password-footer",
          "settings": {
            "color_scheme": "primary"
          }
        }
      }
    }
  }
}